sample,date,species,lat,long,site,sex,age,weight,tail,hindfoot
LM1-8,2015-01-01,Cotton Mouse,28.819829,-81.164443,Lake Monroe Conservation Area,M,J,12.5,53,20
LM1-9,2015-01-01,Cotton Mouse,28.81968,-81.164486,Lake Monroe Conservation Area,F,SA,19.5,63,21
LM1-10,2015-01-01,Cotton Mouse,28.819629,-81.164422,Lake Monroe Conservation Area,M,A,24,66,21
LM1-11,2015-01-01,Cotton Rat,28.818894,-81.164087,Lake Monroe Conservation Area,M,A,,130,34
LM2-3,2015-01-01,Cotton Mouse,28.827194,-81.169424,Lake Monroe Conservation Area,F,J,15,59,20
BL1-4,2015-01-01,Cotton Rat,28.696802,-80.896133,Buck Lake Conservation Area,,A,,102,32
LM4-2,2015-01-01,Cotton Mouse,28.82288,-81.167385,Lake Monroe Conservation Area,M,J,19.5,65,20
LM4-1,2015-01-01,Cotton Mouse,28.823055,-81.167277,Lake Monroe Conservation Area,F,J,17,67,21
LM3-2,2015-01-01,Cotton Mouse,28.820798,-81.166827,Lake Monroe Conservation Area,M,A,31,67,21
LM3-3,2015-01-01,Cotton Mouse,28.820865,-81.166681,Lake Monroe Conservation Area,M,A,23,71,21
BL2-4,2015-01-01,Cotton Rat,28.690784,-80.89778,Buck Lake Conservation Area,,,,,
ONF5-12,2014-12-10,FL Mouse,29.472371,-81.801302,Ocala National Forest (North),F,A,35,99,26
ONF5-11,2014-12-10,FL Mouse,29.470567,-81.802725,Ocala National Forest (North),M,A,36,98,25
ONF5-8,2014-12-10,FL Mouse,29.472631,-81.799811,Ocala National Forest (North),F,SA,27.5,86,25
ONF5-10,2014-12-10,FL Mouse,29.473199,-81.800312,Ocala National Forest (North),M,A,34.5,99,26
ONF5-9,2014-12-10,FL Mouse,29.473005,-81.799878,Ocala National Forest (North),F,A,35,94,26
ONF7-5,2014-12-10,FL Mouse,29.452932,-81.839497,Ocala National Forest (North),M,J,20.5,70,24
ONF7-6,2014-12-10,FL Mouse,29.453029,-81.839831,Ocala National Forest (North),M,A,33,87,25
ONF7-7,2014-12-10,Oldfield Mouse,29.453264,-81.840095,Ocala National Forest (North),F,A,17,53,17
ONF7-8,2014-12-10,FL Mouse,29.453996,-81.840776,Ocala National Forest (North),F,SA,30.5,82,25
SB2-2,2014-11-11,FL Mouse,27.138402,-80.176149,Seabranch Preserve State Park,F,A,53.5,91,26
SB2-1,2014-11-11,FL Mouse,27.138699,-80.175761,Seabranch Preserve State Park,M,A,46,89,25
SB3-1,2014-11-11,FL Mouse,27.137889,-80.176474,Seabranch Preserve State Park,M,A,43,82,25
JD1-1,2014-11-11,FL Mouse,27.035569,-80.117088,Jonathan Dickinson State Park,F,SA,25.5,81,25
SB1-1,2014-11-11,Cotton Rat,27.138607,-80.177109,Seabranch Preserve State Park,F,A,,,
ONF5-13,2014-12-12,FL Mouse,29.472631,-81.799811,Ocala National Forest (North),F,A,36,92,27
ONF5-14,2014-12-12,FL Mouse,29.472715,-81.799811,Ocala National Forest (North),M,SA,28.5,89,25
ONF5-16,2014-12-12,FL Mouse,29.473199,-81.800312,Ocala National Forest (North),F,A,35.5,94,25
ONF5-15,2014-12-12,FL Mouse,29.473005,-81.799878,Ocala National Forest (North),M,A,35.5,91,25
ONF5-17,2014-12-13,Oldfield Mouse,29.472491,-81.799019,Ocala National Forest (North),F,A,12.5,56,16
ONF5-18,2014-12-13,Oldfield Mouse,29.472619,-81.798725,Ocala National Forest (North),F,A,12,52,16
ONF5-19,2014-12-13,Oldfield Mouse,29.472724,-81.798515,Ocala National Forest (North),M,A,13.5,51,16
ONF5-20,2014-12-13,FL Mouse,29.471634,-81.801937,Ocala National Forest (North),F,A,35,92,25
ONF5-21,2014-12-13,FL Mouse,29.472175,-81.801627,Ocala National Forest (North),M,A,33,92,25
ONF5-22,2014-12-13,Oldfield Mouse,29.472069,-81.801212,Ocala National Forest (North),M,A,10.5,46,16
ONF5-23,2014-12-13,FL Mouse,29.470567,-81.802725,Ocala National Forest (North),M,A,31,93,25
GR1-1,2015-01-13,Cotton Rat,29.441399,-81.110004,Gamble Rogers Memorial State Recreation Area at Flagler Beach,M,J,,50,20
GR1-2,2015-01-13,Cotton Rat,29.441403,-81.110057,Gamble Rogers Memorial State Recreation Area at Flagler Beach,F,A,,,35
SP2-1,2014-11-13,FL Mouse,27.349322,-80.283182,Savannas Preserve State Park,M,A,49,89,26
SP2-2,2014-11-13,FL Mouse,27.34845,-80.283901,Savannas Preserve State Park,M,SA,37,91,26
SP1-1,2014-11-13,FL Mouse,27.31392,-80.266152,Savannas Preserve State Park,M,A,52,98,26
SP2-3,2014-11-14,FL Mouse,27.349404,-80.283201,Savannas Preserve State Park,F,A,48,111,27
SP2-4,2014-11-14,FL Mouse,27.348865,-80.28351,Savannas Preserve State Park,M,A,48,92,27
SP1-2,2014-11-14,FL Mouse,27.314278,-80.266061,Savannas Preserve State Park,F,A,57,96,26
SP2-5,2014-11-14,FL Mouse,27.349637,-80.28302,Savannas Preserve State Park,F,A,58.5,97,26
SP2-6,2014-11-14,FL Mouse,27.349702,-80.283071,Savannas Preserve State Park,F,A,42.5,91,26
SP3-1,2014-11-14,FL Mouse,27.322967,-80.269061,Savannas Preserve State Park,M,SA,34,,
SP2-7,2014-11-15,FL Mouse,27.348865,-80.28351,Savannas Preserve State Park,F,SA,28,83,
SP2-8,2014-11-15,FL Mouse,27.34845,-80.283901,Savannas Preserve State Park,F,A,39,94,26
SP2-10,2014-11-15,FL Mouse,27.349559,-80.283883,Savannas Preserve State Park,F,A,53,76,27
SP2-9,2014-11-15,FL Mouse,27.348968,-80.284394,Savannas Preserve State Park,F,A,56.5,96,26
2Feb15-1729,2015-02-02,FL Mouse,29.456635,-81.649761,Welaka State Forest,M,A,34.5,75,25
2Feb15-1755,2015-02-02,Cotton Mouse,29.554099,-81.61531,Dunns Creek State Park,F,A,27,75,22
2Feb15-1758,2015-02-02,FL Mouse,29.552188,-81.617664,Dunns Creek State Park,M,A,28.5,84,25
2Feb15-1780,2015-02-02,FL Mouse,29.549184,-81.614892,Dunns Creek State Park,M,A,35.5,97,26
2Feb15-1784,2015-02-02,FL Mouse,29.549857,-81.614845,Dunns Creek State Park,M,J,12.5,57,22
2Feb15-1797,2015-02-02,FL Mouse,29.543608,-81.618393,Dunns Creek State Park,F,J,12,60,22
BL3-4,2015-01-02,Cotton Rat,28.675744,-80.8909,Buck Lake Conservation Area,M,A,,105,30
BL2-5,2015-01-02,Cotton Rat,28.690736,-80.897746,Buck Lake Conservation Area,M,J,,67,23
BL2-6,2015-01-02,Cotton Rat,28.690793,-80.897339,Buck Lake Conservation Area,F,A,,113,30
BL4-1,2015-01-02,Cotton Rat,28.699237,-80.896082,Buck Lake Conservation Area,M,A,,122,33
LM6-1,2015-01-02,Cotton Mouse,28.819294,-81.163073,Lake Monroe Conservation Area,F,A,33,70,20
LM6-2,2015-01-02,Cotton Rat,28.819156,-81.163075,Lake Monroe Conservation Area,M,SA,,83,27
LM6-3,2015-01-02,Cotton Rat,28.819071,-81.162893,Lake Monroe Conservation Area,F,A,,103,29
LM5-1,2015-01-02,Cotton Mouse,28.821176,-81.166642,Lake Monroe Conservation Area,F,A,26,77,21
LM5-2,2015-01-02,Cotton Mouse,28.821402,-81.166529,Lake Monroe Conservation Area,M,A,36,76,21
DC1-3,2014-10-28,FL Mouse,29.55035,-81.614176,Dunns Creek State Park,M,A,36,85,24
DC1-2,2014-10-28,FL Mouse,29.549057,-81.614925,Dunns Creek State Park,F,A,42.5,86,25
ONF1-2,2014-12-03,FL Mouse,29.242747,-81.732651,Ocala National Forest (Center),F,A,25.5,82,25
ONF1-3,2014-12-03,FL Mouse,29.242753,-81.732726,Ocala National Forest (Center),F,A,46.5,90,25
ONF1-4,2014-12-03,FL Mouse,29.242757,-81.733013,Ocala National Forest (Center),F,A,24,75,24
ONF1-5,2014-12-03,FL Mouse,29.242952,-81.733629,Ocala National Forest (Center),F,A,48.5,102,26
ONF1-6,2014-12-03,Cotton Rat,29.24298,-81.733818,Ocala National Forest (Center),F,A,,99,30
ONF1-7,2014-12-03,FL Mouse,29.242987,-81.733884,Ocala National Forest (Center),F,J,22.5,76,24
ONF1-8,2014-12-03,FL Mouse,29.24298,-81.73398,Ocala National Forest (Center),M,A,47,97,25
ONF1-9,2014-12-03,FL Mouse,29.242996,-81.734159,Ocala National Forest (Center),F,J,22,78,25
ONF1-10,2014-12-03,FL Mouse,29.242959,-81.734367,Ocala National Forest (Center),M,A,44.5,93,25
ONF1-11,2014-12-03,FL Mouse,29.242744,-81.734874,Ocala National Forest (Center),M,SA,37.5,83,26
ONF1-1,2014-12-03,FL Mouse,29.242823,-81.731564,Ocala National Forest (Center),F,J,17.5,71,24
ONF4-1,2014-12-03,FL Mouse,29.081524,-81.692829,Ocala National Forest (South),F,A,36.5,87,25
LM1-1,2014-12-30,Cotton Rat,28.819908,-81.164473,Lake Monroe Conservation Area,M,J,23,62,23
LM1-2,2014-12-30,Cotton Mouse,28.819333,-81.163973,Lake Monroe Conservation Area,M,J,21,64,21
BL1-1,2014-12-30,Cotton Mouse,28.697453,-80.896,Buck Lake Conservation Area,F,A,33,71,21
BL1-2,2014-12-30,Cotton Mouse,28.697105,-80.896095,Buck Lake Conservation Area,F,J,14.5,52,20
BL1-3,2014-12-30,Cotton Rat,28.696753,-80.896091,Buck Lake Conservation Area,F,A,,121,29
LM1-3,2014-12-31,Cotton Rat,28.819437,-81.164187,Lake Monroe Conservation Area,F,A,,89,28
LM1-4,2014-12-31,Cotton Mouse,28.819384,-81.164021,Lake Monroe Conservation Area,M,A,36,77,22
LM1-5,2014-12-31,Cotton Mouse,28.819221,-81.163821,Lake Monroe Conservation Area,M,J,18,62,22
LM1-6,2014-12-31,Cotton Mouse,28.818865,-81.16417,Lake Monroe Conservation Area,F,A,30,78,22
LM1-7,2014-12-31,Cotton Rat,28.818846,-81.164285,Lake Monroe Conservation Area,M,J,,78,22
LM2-1,2014-12-31,Cotton Rat,28.827881,-81.16999,Lake Monroe Conservation Area,M,J,,73,24
LM2-2,2014-12-31,Cotton Rat,28.827348,-81.169618,Lake Monroe Conservation Area,F,A,,128,30
LM3-1,2014-12-31,Cotton Mouse,28.820745,-81.166595,Lake Monroe Conservation Area,F,J,16,63,21
BL3-1,2014-12-31,Cotton Rat,28.675657,-80.891283,Buck Lake Conservation Area,F,,,108,32
BL3-2,2014-12-31,Cotton Mouse,28.675775,-80.891202,Buck Lake Conservation Area,F,,24.5,71,22
BL3-3,2014-12-31,Cotton Rat,28.67579,-80.891078,Buck Lake Conservation Area,M,,,71,22
BL2-1,2014-12-31,Cotton Rat,28.690784,-80.89778,Buck Lake Conservation Area,U,,,80,26
BL2-2,2014-12-31,Cotton Rat,28.690789,-80.897478,Buck Lake Conservation Area,U,,,70,23
BL2-3,2014-12-31,Cotton Rat,28.690755,-80.897396,Buck Lake Conservation Area,M,,,85,25
ONF1-15,2014-12-04,FL Mouse,29.242745,-81.731464,Ocala National Forest (Center),F,J,19.5,69,24
ONF1-16,2014-12-04,FL Mouse,29.242674,-81.732329,Ocala National Forest (Center),F,A,56.5,92,25
ONF1-17,2014-12-04,Cotton Rat,29.24282,-81.733181,Ocala National Forest (Center),,A,,,
ONF1-18,2014-12-04,FL Mouse,29.242843,-81.733371,Ocala National Forest (Center),M,J,20,73,24
ONF1-19,2014-12-04,FL Mouse,29.242952,-81.733629,Ocala National Forest (Center),M,A,41.5,97,26
ONF1-20,2014-12-04,Oldfield Mouse,29.242996,-81.734159,Ocala National Forest (Center),M,A,10,43,17
ONF1-21,2014-12-04,FL Mouse,29.242885,-81.734542,Ocala National Forest (Center),F,J,22.5,75,25
ONF3-1,2014-12-04,FL Mouse,29.058608,-81.722517,Ocala National Forest (South),F,SA,33,86,25
ONF4-3,2014-12-04,Oldfield Mouse,29.0815,-81.692022,Ocala National Forest (South),M,A,11.5,52,16
ONF4-4,2014-12-04,FL Mouse,29.081573,-81.692608,Ocala National Forest (South),M,A,38.5,90,25
ONF1-12,2014-12-04,Oldfield Mouse,29.243183,-81.730987,Ocala National Forest (Center),M,A,14,53,16
ONF1-13,2014-12-04,FL Mouse,29.24372,-81.729675,Ocala National Forest (Center),M,A,39.5,93,26
ONF1-14,2014-12-04,FL Mouse,29.243889,-81.729249,Ocala National Forest (Center),F,SA,25,77,24
ONF3-2,2014-12-04,Oldfield Mouse,29.059073,-81.720689,Ocala National Forest (South),M,A,14.5,52,17
ONF3-3,2014-12-04,FL Mouse,29.058823,-81.720787,Ocala National Forest (South),F,A,59.5,99,25
ONF3-4,2014-12-04,FL Mouse,29.058231,-81.721329,Ocala National Forest (South),F,A,34,92,25
ONF4-2,2014-12-04,Oldfield Mouse,29.081708,-81.69213,Ocala National Forest (South),F,A,22,56,17
ONF4-5,2014-12-05,Oldfield Mouse,29.081542,-81.692501,Ocala National Forest (South),F,A,13,51,17
ONF1-22,2014-12-05,Oldfield Mouse,29.243151,-81.731093,Ocala National Forest (Center),F,A,20,54,16
ONF1-23,2014-12-05,FL Mouse,29.243262,-81.730782,Ocala National Forest (Center),F,A,54.5,101,26
ONF1-24,2014-12-05,FL Mouse,29.243591,-81.730044,Ocala National Forest (Center),F,SA,40,91,26
ONF1-25,2014-12-05,FL Mouse,29.243889,-81.729249,Ocala National Forest (Center),F,A,47.5,96,26
ONF3-5,2014-12-05,FL Mouse,29.058907,-81.720832,Ocala National Forest (South),M,SA,31,83,25
ONF4-6,2014-12-05,FL Mouse,29.081834,-81.693084,Ocala National Forest (South),M,A,33.5,88,26
ONF1-26,2014-12-05,FL Mouse,29.242605,-81.731738,Ocala National Forest (Center),F,J,17,74,24
ONF1-27,2014-12-05,FL Mouse,29.242377,-81.732236,Ocala National Forest (Center),M,A,36,96,25
ONF1-28,2014-12-05,Cotton Rat,29.242161,-81.732931,Ocala National Forest (Center),M,J,17,69,19
ONF1-29,2014-12-05,Cotton Rat,29.242102,-81.733049,Ocala National Forest (Center),M,J,17.5,58,19
RSR1-3,2014-11-06,FL Mouse,28.774191,-81.449857,Rock Springs Run State Reserve,F,A,47.5,87,24
RSR1-2,2014-11-06,FL Mouse,28.773334,-81.449817,Rock Springs Run State Reserve,M,A,44,94,25
RSR1-1,2014-11-06,FL Mouse,28.772899,-81.449821,Rock Springs Run State Reserve,M,A,52.5,100,27
RSR1-4,2014-11-06,FL Mouse,28.772837,-81.45012,Rock Springs Run State Reserve,F,A,36,93,24
SSF2-1,2015-01-07,FL Mouse,28.886871,-81.413505,Seminole State Forest,F,A,,98,25
SSF2-2,2015-01-07,FL Mouse,28.887175,-81.413618,Seminole State Forest,M,A,30.5,79,26
SSF2-3,2015-01-07,FL Mouse,28.887489,-81.413518,Seminole State Forest,F,A,31,82,26
SSF2-4,2015-01-07,FL Mouse,28.887831,-81.413507,Seminole State Forest,M,A,35,86,25
SSF2-5,2015-01-07,FL Mouse,28.888048,-81.413535,Seminole State Forest,F,J,17,67,24
SSF2-6,2015-01-07,FL Mouse,28.888319,-81.413638,Seminole State Forest,M,A,32.5,91,26
SSF2-7,2015-01-07,FL Mouse,28.888542,-81.413587,Seminole State Forest,F,SA,27,79,24
SSF2-8,2015-01-07,FL Mouse,28.889147,-81.413576,Seminole State Forest,F,A,51,101,27
SSF2-9,2015-01-07,FL Mouse,28.889332,-81.413614,Seminole State Forest,M,A,41,87,27
SSF2-10,2015-01-07,FL Mouse,28.889475,-81.413597,Seminole State Forest,F,A,44,,27
SSF1-1,2015-01-07,FL Mouse,28.890645,-81.424313,Seminole State Forest,F,A,34,86,26
RSR1-8,2014-11-07,FL Mouse,28.774191,-81.449857,Rock Springs Run State Reserve,M,J,22.5,89,25
RSR1-9,2014-11-07,FL Mouse,28.77384,-81.449852,Rock Springs Run State Reserve,F,A,46,91,25
RSR1-10,2014-11-07,FL Mouse,28.773672,-81.449856,Rock Springs Run State Reserve,M,J,24.5,78,26
RSR1-5,2014-11-07,FL Mouse,28.773706,-81.450134,Rock Springs Run State Reserve,F,A,42,90,25
RSR1-6,2014-11-07,FL Mouse,28.774804,-81.450137,Rock Springs Run State Reserve,M,A,42,100,27
RSR1-7,2014-11-07,FL Mouse,28.774722,-81.450162,Rock Springs Run State Reserve,F,A,47,90,26
RSR5-1,2014-11-07,Cotton Rat,28.771395,-81.451996,Rock Springs Run State Reserve,F,A,,94,27
RSR3-1,2014-11-07,FL Mouse,28.768168,-81.457028,Rock Springs Run State Reserve,F,A,43.5,93,25
SSF2-18,2015-01-08,FL Mouse,28.8868,-81.413447,Seminole State Forest,M,SA,27,77,25
SSF2-13,2015-01-08,FL Mouse,28.886871,-81.413505,Seminole State Forest,M,A,38.5,99,27
SSF2-14,2015-01-08,FL Mouse,28.887256,-81.413617,Seminole State Forest,M,J,18.5,68,24
SSF2-15,2015-01-08,FL Mouse,28.888835,-81.41358,Seminole State Forest,,SA,25.5,78,26
SSF2-16,2015-01-08,FL Mouse,28.889332,-81.413614,Seminole State Forest,M,A,41,95,27
SSF2-17,2015-01-08,FL Mouse,28.889391,-81.41358,Seminole State Forest,F,J,25.5,81,25
SSF1-2,2015-01-08,FL Mouse,28.890621,-81.424988,Seminole State Forest,M,A,34.5,81,24
SSF1-3,2015-01-08,FL Mouse,28.890573,-81.423253,Seminole State Forest,F,A,39.5,,27
SSF2-11,2015-01-08,FL Mouse,28.887042,-81.412614,Seminole State Forest,M,SA,27.5,77,27
SSF2-12,2015-01-08,FL Mouse,28.887354,-81.412569,Seminole State Forest,M,SA,31,78,26
SSF3-1,2015-01-08,FL Mouse,28.888687,-81.414084,Seminole State Forest,M,J,19,68,26
SSF3-2,2015-01-08,FL Mouse,28.887488,-81.413971,Seminole State Forest,F,A,48.5,95,25
SSF3-3,2015-01-08,FL Mouse,28.887268,-81.413982,Seminole State Forest,F,SA,24,77,26
ONF8-1,2015-01-08,FL Mouse,29.00775,-81.555237,Ocala National Forest (Southeast),M,J,18.5,73,25
ONF8-2,2015-01-08,FL Mouse,29.007917,-81.555144,Ocala National Forest (Southeast),F,J,20.5,78,25
ONF8-3,2015-01-08,FL Mouse,29.007992,-81.55514,Ocala National Forest (Southeast),M,A,36.5,106,27
ONF5-5,2014-12-09,FL Mouse,29.472193,-81.800075,Ocala National Forest (North),F,A,38,98,26
ONF5-6,2014-12-09,FL Mouse,29.47227,-81.800427,Ocala National Forest (North),M,A,42,100,26
ONF5-7,2014-12-09,FL Mouse,29.472285,-81.80091,Ocala National Forest (North),M,A,36.5,96,26
ONF5-1,2014-12-09,FL Mouse,29.472387,-81.799456,Ocala National Forest (North),F,A,35,96,25
ONF5-2,2014-12-09,Oldfield Mouse,29.47235,-81.799366,Ocala National Forest (North),M,A,12,50,17
ONF5-3,2014-12-09,Oldfield Mouse,29.472419,-81.799212,Ocala National Forest (North),F,A,15,56,16
ONF5-4,2014-12-09,Oldfield Mouse,29.472491,-81.799019,Ocala National Forest (North),M,A,10.5,49,16
ONF7-1,2014-12-09,Oldfield Mouse,29.453029,-81.839831,Ocala National Forest (North),F,A,,55,17
ONF7-2,2014-12-09,Oldfield Mouse,29.453083,-81.839864,Ocala National Forest (North),M,A,13.5,58,17
ONF7-3,2014-12-09,Cotton Rat,29.453264,-81.840095,Ocala National Forest (North),F,SA,51,74,25
ONF7-4,2014-12-09,Oldfield Mouse,29.453569,-81.840256,Ocala National Forest (North),M,A,12,55,16
ONF8-4,2015-01-09,FL Mouse,29.007992,-81.55514,Ocala National Forest (Southeast),F,A,56.5,106,26
ONF10-1,2015-01-09,FL Mouse,29.034646,-81.493178,Ocala National Forest (Southeast),F,A,30.5,87,26
ONF10-2,2015-01-09,Oldfield Mouse,29.035106,-81.493032,Ocala National Forest (Southeast),F,A,17.5,57,18
ONF9-2,2015-01-09,FL Mouse,29.00109,-81.547327,Ocala National Forest (Southeast),F,SA,30,92,26
ONF9-1,2015-01-09,FL Mouse,29.001063,-81.5474,Ocala National Forest (Southeast),F,SA,28,85,25
10Mar15-1899,2015-03-10,Cotton Mouse,29.373686,-81.555534,Lake George Conservation Area,F,A,38,68,22
10Mar15-1824,2015-03-10,Cotton Rat,29.360514,-81.475806,Crescent Lake Conservation Area,M,SA,,86,28
10Mar15-1857,2015-03-10,Cotton Mouse,29.355597,-81.463564,Crescent Lake Conservation Area,F,A,27,72,22
10Mar15-1852,2015-03-10,Cotton Mouse,29.354697,-81.464254,Crescent Lake Conservation Area,M,A,22.5,63,21
11Mar15-1885,2015-03-11,Cotton Mouse,29.351067,-81.456769,Crescent Lake Conservation Area,F,A,32.5,80,22
12Mar15-1973,2015-03-12,FL Mouse,29.466663,-81.651504,Welaka State Forest,M,A,28.5,78,24
12Mar15-1956,2015-03-12,FL Mouse,29.464696,-81.65321,Welaka State Forest,M,A,30.5,87,24
12Mar15-1988,2015-03-12,FL Mouse,29.45659,-81.649792,Welaka State Forest,F,A,37.5,94,24
12Mar15-1991,2015-03-12,FL Mouse,29.456766,-81.649434,Welaka State Forest,F,J,15.5,67,22
12Mar15-1996,2015-03-12,FL Mouse,29.467609,-81.649174,Welaka State Forest,F,A,32,87,24
13Mar15-1996,2015-03-13,FL Mouse,29.467609,-81.649174,Welaka State Forest,M,A,29.5,89,25
13Mar15-2024,2015-03-13,FL Mouse,29.45659,-81.649768,Welaka State Forest,M,J,17.5,67,23
31Mar15-2102,2015-03-31,Cotton Mouse,27.838262,-80.519836,St. Sebastian River Preserve State Park,F,A,20,70,21
13Mar15-1956,2015-03-13,FL Mouse,29.464696,-81.65321,Welaka State Forest,F,A,31,85,24
13Mar15-1955,2015-03-13,Cotton Mouse,29.46454,-81.653431,Welaka State Forest,F,A,18,62,21
13Mar15-2039,2015-03-13,FL Mouse,29.467068,-81.649968,Welaka State Forest,F,A,31.5,87,24
13Mar15-2042,2015-03-13,FL Mouse,29.465854,-81.649736,Welaka State Forest,M,A,37,88,25
01Apr15-2059,2015-04-01,Cotton Mouse,27.798714,-80.516346,St. Sebastian River Preserve State Park,F,A,28,77,22
01Apr15-2062,2015-04-01,Cotton Mouse,27.79907,-80.516439,St. Sebastian River Preserve State Park,F,A,20.5,65,22
01Apr15-2069,2015-04-01,Cotton Mouse,27.803695,-80.511133,St. Sebastian River Preserve State Park,M,A,34.5,76,22
01Apr15-2102,2015-04-01,Cotton Mouse,27.838262,-80.519836,St. Sebastian River Preserve State Park,M,A,32.5,73,21
02Apr15-2155,2015-04-02,Cotton Mouse,27.797472,-80.575802,St. Sebastian River Preserve State Park,F,A,23.5,69,20
NP1-1,2015-01-13,Cotton Rat,29.407493,-81.096226,North Peninsula State Park,M,A,,111,32
DC1-1,2014-10-27,FL Mouse,29.550308,-81.614265,Dunns Creek State Park,F,A,51.5,90,24
