site,latitude,longitude,county
Belmore State Forest,29.8,-81.87,Putnam
Bell Ridge,29.753183333,-82.679016667,Gilchrist
Carter Creek,27.535596,-81.4091,Highlands
Cedar Key Scrub Preserve,29.20424,-82.99692,Levy
Citrus,28.797911,-82.384208,Citrus
Etoniah Creek State Forest,29.77209,-81.861591,Putnam
Fort White WEA,29.912716667,-82.782116667,Gilchrist
Gould Road Scrub,27.133238,-81.326253,Highlands
Half Moon WMA,28.900448,-82.225625,Sumter
Henscratch,27.374587,-81.454002,Highlands
High Ridge,27.332206,-81.455513,Highlands
Holmes Avenue,27.2864,-81.325464,Highlands
Ichetucknee State Park,29.95754,-82.75813,Columbia
Jennings State Forest,30.17,-81.93,Clay
Lake Placid Scrub,27.217243,-81.373443,Highlands
Leisure Lakes,27.311938,-81.438961,Highlands
McJ,27.199354,-81.371729,Highlands
Mesana,27.367433,-81.401428,Highlands
Ross Prairie State Forest,29.0128,-82.2923,Marion
Royce,27.348499,-81.349878,Highlands
Savannas Preserve State Park,27.31485,-80.26557,St. Lucie
Seabranch Preserve State Park,27.13682,-80.17699,Martin
Silver lake,27.560842,-81.532507,Highlands
Southhampton,30.036354,-81.539286,St. Johns
Sun Ray,27.687421,-81.552524,Polk
Watermelon Pond,29.578083333,-82.6152333,Alachua
Heart Island Conservation Area,29.237743,-81.348009,Volusia
Buck Lake Conservation Area,28.676145,-80.912161,Brevard
Crescent Lake Conservation Area,29.353119,-81.462529,Volusia
Dunns Creek State Park,29.550925,-81.593828,Putnam
Gamble Rogers Memorial State Recreation Area at Flagler Beach,29.439231,-81.110129,Flagler
Jonathan Dickinson State Park,27.03355,-80.11655,Martin
Lake George Conservation Area,29.368443,-81.543789,Putnam
Lake Monroe Conservation Area,28.822951,-81.165061,Volusia
North Peninsula State Park,29.412468,-81.096997,Volusia
Rock Springs Run State Reserve,28.770033,-81.454074,Orange
Seminole State Forest,28.888311,-81.423948,Lake
St. Sebastian River Preserve State Park,27.827266,-80.553303,Brevard
Tomoka State Park,29.307846,-81.088403,Volusia
Welaka State Forest,29.467856,-81.650348,Welaka
Ocala National Forest (Center),29.242725,-81.731365,Marion
Ocala National Forest (North),29.452805,-81.83905,Marion
Ocala National Forest (South),29.05856,-81.722591,Marion
Ocala National Forest (Southeast),29.002256,-81.567008,Lake
Ocala NF,,,
